Workbook

Sheet Lbs by island
A1: year | B1: island | C1: island.code | D1: island.weight | E1: lbs.total
A2: 2005 | B2: hawaii | C2: =IF(B2="hawaii",1) -> 1 | D2: 0.32673516 | E2: ='Total lbs'!B2*D2 -> 55427.708
A3: 2005 | B3: kauai | C3: 2 | D3: 0.07974173 | E3: ='Total lbs'!B2*D3 -> 13527.474
A4: 2005 | B4: lanai | C4: 3 | D4: 0.0092211614 | E4: ='Total lbs'!B2*D4 -> 1564.2878
A5: 2005 | B5: maui | C5: 4 | D5: 0.14533885 | E5: ='Total lbs'!B2*D5 -> 24655.441
A6: 2005 | B6: molokai | C6: 5 | D6: 0.079009165 | E6: ='Total lbs'!B2*D6 -> 13403.201
A7: 2005 | B7: oahu | C7: 6 | D7: 0.35995393 | E7: ='Total lbs'!B2*D7 -> 61062.976
A8: 2006 | B8: hawaii | C8: 1 | D8: 0.32673516 | E8: ='Total lbs'!B3*D8 -> 92568.798
A9: 2006 | B9: kauai | C9: 2 | D9: 0.07974173 | E9: ='Total lbs'!B3*D9 -> 22591.986
A10: 2006 | B10: lanai | C10: 3 | D10: 0.0092211614 | E10: ='Total lbs'!B3*D10 -> 2612.4884
A11: 2006 | B11: maui | C11: 4 | D11: 0.14533885 | E11: ='Total lbs'!B3*D11 -> 41176.599
A12: 2006 | B12: molokai | C12: 5 | D12: 0.079009165 | E12: ='Total lbs'!B3*D12 -> 22384.439
A13: 2006 | B13: oahu | C13: 6 | D13: 0.35995393 | E13: ='Total lbs'!B3*D13 -> 101980.16
A14: 2007 | B14: hawaii | C14: 1 | D14: 0.32673516 | E14: ='Total lbs'!B4*D14 -> 78890.55
A15: 2007 | B15: kauai | C15: 2 | D15: 0.07974173 | E15: ='Total lbs'!B4*D15 -> 19253.725
A16: 2007 | B16: lanai | C16: 3 | D16: 0.0092211614 | E16: ='Total lbs'!B4*D16 -> 2226.4592
A17: 2007 | B17: maui | C17: 4 | D17: 0.14533885 | E17: ='Total lbs'!B4*D17 -> 35092.219
A18: 2007 | B18: molokai | C18: 5 | D18: 0.079009165 | E18: ='Total lbs'!B4*D18 -> 19076.846
A19: 2007 | B19: oahu | C19: 6 | D19: 0.35995393 | E19: ='Total lbs'!B4*D19 -> 86911.257
A20: 2008 | B20: hawaii | C20: 1 | D20: 0.32673516 | E20: ='Total lbs'!B5*D20 -> 73599.02
A21: 2008 | B21: kauai | C21: 2 | D21: 0.07974173 | E21: ='Total lbs'!B5*D21 -> 17962.294
A22: 2008 | B22: lanai | C22: 3 | D22: 0.0092211614 | E22: ='Total lbs'!B5*D22 -> 2077.1209
A23: 2008 | B23: maui | C23: 4 | D23: 0.14533885 | E23: ='Total lbs'!B5*D23 -> 32738.433
A24: 2008 | B24: molokai | C24: 5 | D24: 0.079009165 | E24: ='Total lbs'!B5*D24 -> 17797.28
A25: 2008 | B25: oahu | C25: 6 | D25: 0.35995393 | E25: ='Total lbs'!B5*D25 -> 81081.743
A26: 2009 | B26: hawaii | C26: 1 | D26: 0.32673516 | E26: ='Total lbs'!B6*D26 -> 55032.051
A27: 2009 | B27: kauai | C27: 2 | D27: 0.07974173 | E27: ='Total lbs'!B6*D27 -> 13430.911
A28: 2009 | B28: lanai | C28: 3 | D28: 0.0092211614 | E28: ='Total lbs'!B6*D28 -> 1553.1215
A29: 2009 | B29: maui | C29: 4 | D29: 0.14533885 | E29: ='Total lbs'!B6*D29 -> 24479.444
A30: 2009 | B30: molokai | C30: 5 | D30: 0.079009165 | E30: ='Total lbs'!B6*D30 -> 13307.525
A31: 2009 | B31: oahu | C31: 6 | D31: 0.35995393 | E31: ='Total lbs'!B6*D31 -> 60627.093
A32: 2010 | B32: hawaii | C32: 1 | D32: 0.32673516 | E32: ='Total lbs'!B7*D32 -> 85112.195
A33: 2010 | B33: kauai | C33: 2 | D33: 0.07974173 | E33: ='Total lbs'!B7*D33 -> 20772.156
A34: 2010 | B34: lanai | C34: 3 | D34: 0.0092211614 | E34: ='Total lbs'!B7*D34 -> 2402.0472
A35: 2010 | B35: maui | C35: 4 | D35: 0.14533885 | E35: ='Total lbs'!B7*D35 -> 37859.741
A36: 2010 | B36: molokai | C36: 5 | D36: 0.079009165 | E36: ='Total lbs'!B7*D36 -> 20581.328
A37: 2010 | B37: oahu | C37: 6 | D37: 0.35995393 | E37: ='Total lbs'!B7*D37 -> 93765.449
A38: 2011 | B38: hawaii | C38: 1 | D38: 0.32673516 | E38: ='Total lbs'!B8*D38 -> 45437.491
A39: 2011 | B39: kauai | C39: 2 | D39: 0.07974173 | E39: ='Total lbs'!B8*D39 -> 11089.3
A40: 2011 | B40: lanai | C40: 3 | D40: 0.0092211614 | E40: ='Total lbs'!B8*D40 -> 1282.3427
A41: 2011 | B41: maui | C41: 4 | D41: 0.14533885 | E41: ='Total lbs'!B8*D41 -> 20211.577
A42: 2011 | B42: molokai | C42: 5 | D42: 0.079009165 | E42: ='Total lbs'!B8*D42 -> 10987.426
A43: 2011 | B43: oahu | C43: 6 | D43: 0.35995393 | E43: ='Total lbs'!B8*D43 -> 50057.066
A44: 2012 | B44: hawaii | C44: 1 | D44: 0.32673516 | E44: ='Total lbs'!B9*D44 -> 70178.301
A45: 2012 | B45: kauai | C45: 2 | D45: 0.07974173 | E45: ='Total lbs'!B9*D45 -> 17127.447
A46: 2012 | B46: lanai | C46: 3 | D46: 0.0092211614 | E46: ='Total lbs'!B9*D46 -> 1980.581
A47: 2012 | B47: maui | C47: 4 | D47: 0.14533885 | E47: ='Total lbs'!B9*D47 -> 31216.823
A48: 2012 | B48: molokai | C48: 5 | D48: 0.079009165 | E48: ='Total lbs'!B9*D48 -> 16970.102
A49: 2012 | B49: oahu | C49: 6 | D49: 0.35995393 | E49: ='Total lbs'!B9*D49 -> 77313.244
A50: 2013 | B50: hawaii | C50: 1 | D50: 0.32673516 | E50: ='Total lbs'!B10*D50 -> 76498.187
A51: 2013 | B51: kauai | C51: 2 | D51: 0.07974173 | E51: ='Total lbs'!B10*D51 -> 18669.854
A52: 2013 | B52: lanai | C52: 3 | D52: 0.0092211614 | E52: ='Total lbs'!B10*D52 -> 2158.9416
A53: 2013 | B53: maui | C53: 4 | D53: 0.14533885 | E53: ='Total lbs'!B10*D53 -> 34028.045
A54: 2013 | B54: molokai | C54: 5 | D54: 0.079009165 | E54: ='Total lbs'!B10*D54 -> 18498.339
A55: 2013 | B55: oahu | C55: 6 | D55: 0.35995393 | E55: ='Total lbs'!B10*D55 -> 84275.665
A56: 2014 | B56: hawaii | C56: 1 | D56: 0.32673516 | E56: ='Total lbs'!B11*D56 -> 75144.972
A57: 2014 | B57: kauai | C57: 2 | D57: 0.07974173 | E57: ='Total lbs'!B11*D57 -> 18339.594
A58: 2014 | B58: lanai | C58: 3 | D58: 0.0092211614 | E58: ='Total lbs'!B11*D58 -> 2120.751
A59: 2014 | B59: maui | C59: 4 | D59: 0.14533885 | E59: ='Total lbs'!B11*D59 -> 33426.106
A60: 2014 | B60: molokai | C60: 5 | D60: 0.079009165 | E60: ='Total lbs'!B11*D60 -> 18171.113
A61: 2014 | B61: oahu | C61: 6 | D61: 0.35995393 | E61: ='Total lbs'!B11*D61 -> 82784.871
A62: 2015 | B62: hawaii | C62: 1 | D62: 0.32673516 | E62: ='Total lbs'!B12*D62 -> 57844.01
A63: 2015 | B63: kauai | C63: 2 | D63: 0.07974173 | E63: ='Total lbs'!B12*D63 -> 14117.187
A64: 2015 | B64: lanai | C64: 3 | D64: 0.0092211614 | E64: ='Total lbs'!B12*D64 -> 1632.481
A65: 2015 | B65: maui | C65: 4 | D65: 0.14533885 | E65: ='Total lbs'!B12*D65 -> 25730.264
A66: 2015 | B66: molokai | C66: 5 | D66: 0.079009165 | E66: ='Total lbs'!B12*D66 -> 13987.497
A67: 2015 | B67: oahu | C67: 6 | D67: 0.35995393 | E67: ='Total lbs'!B12*D67 -> 63724.941
A68: 2016 | B68: hawaii | C68: 1 | D68: 0.32673516 | E68: ='Total lbs'!B13*D68 -> 51092.413
A69: 2016 | B69: kauai | C69: 2 | D69: 0.07974173 | E69: ='Total lbs'!B13*D69 -> 12469.418
A70: 2016 | B70: lanai | C70: 3 | D70: 0.0092211614 | E70: ='Total lbs'!B13*D70 -> 1441.9366
A71: 2016 | B71: maui | C71: 4 | D71: 0.14533885 | E71: ='Total lbs'!B13*D71 -> 22727.008
A72: 2016 | B72: molokai | C72: 5 | D72: 0.079009165 | E72: ='Total lbs'!B13*D72 -> 12354.865
A73: 2016 | B73: oahu | C73: 6 | D73: 0.35995393 | E73: ='Total lbs'!B13*D73 -> 56286.917
A74: 2017 | B74: hawaii | C74: 1 | D74: 0.32673516 | E74: ='Total lbs'!B14*D74 -> 40318.843
A75: 2017 | B75: kauai | C75: 2 | D75: 0.07974173 | E75: ='Total lbs'!B14*D75 -> 9840.0621
A76: 2017 | B76: lanai | C76: 3 | D76: 0.0092211614 | E76: ='Total lbs'!B14*D76 -> 1137.8835
A77: 2017 | B77: maui | C77: 4 | D77: 0.14533885 | E77: ='Total lbs'!B14*D77 -> 17934.692
A78: 2017 | B78: molokai | C78: 5 | D78: 0.079009165 | E78: ='Total lbs'!B14*D78 -> 9749.6642
A79: 2017 | B79: oahu | C79: 6 | D79: 0.35995393 | E79: ='Total lbs'!B14*D79 -> 44418.011
A80: 2018 | B80: hawaii | C80: 1 | D80: 0.32673516 | E80: ='Total lbs'!B15*D80 -> 81586.114
A81: 2018 | B81: kauai | C81: 2 | D81: 0.07974173 | E81: ='Total lbs'!B15*D81 -> 19911.594
A82: 2018 | B82: lanai | C82: 3 | D82: 0.0092211614 | E82: ='Total lbs'!B15*D82 -> 2302.5337
A83: 2018 | B83: maui | C83: 4 | D83: 0.14533885 | E83: ='Total lbs'!B15*D83 -> 36291.264
A84: 2018 | B84: molokai | C84: 5 | D84: 0.079009165 | E84: ='Total lbs'!B15*D84 -> 19728.672
A85: 2018 | B85: oahu | C85: 6 | D85: 0.35995393 | E85: ='Total lbs'!B15*D85 -> 89880.876
A86: 2019 | B86: hawaii | C86: 1 | D86: 0.32673516 | E86: ='Total lbs'!B16*D86 -> 67075.107
A87: 2019 | B87: kauai | C87: 2 | D87: 0.07974173 | E87: ='Total lbs'!B16*D87 -> 16370.093
A88: 2019 | B88: lanai | C88: 3 | D88: 0.0092211614 | E88: ='Total lbs'!B16*D88 -> 1893.0022
A89: 2019 | B89: maui | C89: 4 | D89: 0.14533885 | E89: ='Total lbs'!B16*D89 -> 29836.455
A90: 2019 | B90: molokai | C90: 5 | D90: 0.079009165 | E90: ='Total lbs'!B16*D90 -> 16219.706
A91: 2019 | B91: oahu | C91: 6 | D91: 0.35995393 | E91: ='Total lbs'!B16*D91 -> 73894.551
A92: 2020 | B92: hawaii | C92: 1 | D92: 0.32673516 | E92: ='Total lbs'!B17*D92 -> 66621.084
A93: 2020 | B93: kauai | C93: 2 | D93: 0.07974173 | E93: ='Total lbs'!B17*D93 -> 16259.286
A94: 2020 | B94: lanai | C94: 3 | D94: 0.0092211614 | E94: ='Total lbs'!B17*D94 -> 1880.1887
A95: 2020 | B95: maui | C95: 4 | D95: 0.14533885 | E95: ='Total lbs'!B17*D95 -> 29634.496
A96: 2020 | B96: molokai | C96: 5 | D96: 0.079009165 | E96: ='Total lbs'!B17*D96 -> 16109.917
A97: 2020 | B97: oahu | C97: 6 | D97: 0.35995393 | E97: ='Total lbs'!B17*D97 -> 73394.368
A98: 2021 | B98: hawaii | C98: 1 | D98: 0.32673516 | E98: ='Total lbs'!B18*D98 -> 98459.905
A99: 2021 | B99: kauai | C99: 2 | D99: 0.07974173 | E99: ='Total lbs'!B18*D99 -> 24029.747
A100: 2021 | B100: lanai | C100: 3 | D100: 0.0092211614 | E100: ='Total lbs'!B18*D100 -> 2778.748
...

Sheet Total lbs
A1: year | B1: lbs | C1: lbs.se | D1: approx.ev
A2: 2005 | B2: 169641.09 | C2: 24643.561 | D2: =3.93*B2-0.95*B2 -> 505530.44
A3: 2006 | B3: 283314.47 | C3: 49129.622 | D3: =3.93*B3-0.95*B3 -> 844277.11
A4: 2007 | B4: 241451.06 | C4: 39369.565 | D4: =3.93*B4-0.95*B4 -> 719524.15
A5: 2008 | B5: 225255.89 | C5: 36273.137 | D5: =3.93*B5-0.95*B5 -> 671262.55
A6: 2009 | B6: 168430.15 | C6: 20119.965 | D6: =3.93*B6-0.95*B6 -> 501921.83
A7: 2010 | B7: 260492.92 | C7: 43886.361 | D7: =3.93*B7-0.95*B7 -> 776268.89
A8: 2011 | B8: 139065.2 | C8: 13590.168 | D8: =3.93*B8-0.95*B8 -> 414414.3
A9: 2012 | B9: 214786.5 | C9: 34264.164 | D9: =3.93*B9-0.95*B9 -> 640063.76
A10: 2013 | B10: 234129.03 | C10: 33052.385 | D10: =3.93*B10-0.95*B10 -> 697704.51
A11: 2014 | B11: 229987.41 | C11: 21558.88 | D11: =3.93*B11-0.95*B11 -> 685362.47
A12: 2015 | B12: 177036.38 | C12: 21923.723 | D12: =3.93*B12-0.95*B12 -> 527568.41
A13: 2016 | B13: 156372.56 | C13: 11821.837 | D13: =3.93*B13-0.95*B13 -> 465990.22
... A19: 2022 | B19: 145076.88 | C19: 30624.919 | D19: =3.93*B19-0.95*B19 -> 432329.11
D20: =AVERAGE(D2:D19) -> 617302.48

Sheet Island code key
A1: island | B1: island.code | C1: island.weight
A2: Hawaii | B2: 1 | C2: =321131/SUM(321131,78374,9063,142846,77654,353780) -> 0.32673516
A3: Kauai | B3: 2 | C3: =78374/SUM(321131,78374,9063,142846,77654,353780) -> 0.07974173
A4: Lanai | B4: 3 | C4: =9063/SUM(321131,78374,9063,142846,77654,353780) -> 0.0092211614
A5: Maui | B5: 4 | C5: =142846/SUM(321131,78374,9063,142846,77654,353780) -> 0.14533885
A6: Molokai | B6: 5 | C6: =77654/SUM(321131,78374,9063,142846,77654,353780) -> 0.079009165
A7: Oahu | B7: 6 | C7: =353780/SUM(321131,78374,9063,142846,77654,353780) -> 0.35995393
